Country,Education_Index,government_trust,cpi_score,gdp_per_capita,freedom,continent
Afghanistan,0.45,0.0548,14.25,0.3508,0.1063,Asia
Afghanistan,0.45,0.0548,14.25,0.3508,0.1063,Asia
Afghanistan,0.45,0.0548,14.25,0.3508,0.1063,Asia
Afghanistan,0.45,0.0548,14.25,0.3508,0.1063,Asia
Albania,0.7725,0.0407,37.25,0.9345,0.3852,Europe
Albania,0.7725,0.0407,37.25,0.9345,0.3852,Europe
Albania,0.7725,0.0407,37.25,0.9345,0.3852,Europe
Albania,0.7725,0.0407,37.25,0.9345,0.3852,Europe
Algeria,0.7025,0.1422,34.5,1.003,0.1705,Africa
Algeria,0.7025,0.1422,34.5,1.003,0.1705,Africa
Algeria,0.7025,0.1422,34.5,1.003,0.1705,Africa
Algeria,0.7025,0.1422,34.5,1.003,0.1705,Africa
Argentina,0.8625,0.0621,36.75,1.101,0.4963,South America
Argentina,0.8625,0.0621,36.75,1.101,0.4963,South America
Argentina,0.8625,0.0621,36.75,1.101,0.4963,South America
Argentina,0.8625,0.0621,36.75,1.101,0.4963,South America
Armenia,0.7625,0.0394,34.5,0.8337,0.2349,Asia
Armenia,0.7625,0.0394,34.5,0.8337,0.2349,Asia
Armenia,0.7625,0.0394,34.5,0.8337,0.2349,Asia
Armenia,0.7625,0.0394,34.5,0.8337,0.2349,Asia
Australia,1.0225,0.3124,78.0,1.3825,0.6142,Australia
Australia,1.0225,0.3124,78.0,1.3825,0.6142,Australia
Australia,1.0225,0.3124,78.0,1.3825,0.6142,Australia
Australia,1.0225,0.3124,78.0,1.3825,0.6142,Australia
Austria,0.875,0.2145,75.5,1.3853,0.5853,Europe
Austria,0.875,0.2145,75.5,1.3853,0.5853,Europe
Austria,0.875,0.2145,75.5,1.3853,0.5853,Europe
Austria,0.875,0.2145,75.5,1.3853,0.5853,Europe
Azerbaijan,0.715,0.1749,28.75,1.0611,0.3874,Asia
Azerbaijan,0.715,0.1749,28.75,1.0611,0.3874,Asia
Azerbaijan,0.715,0.1749,28.75,1.0611,0.3874,Asia
Azerbaijan,0.715,0.1749,28.75,1.0611,0.3874,Asia
Bahrain,0.775,0.199,41.5,1.378,0.5304,Asia
Bahrain,0.775,0.199,41.5,1.378,0.5304,Asia
Bahrain,0.775,0.199,41.5,1.378,0.5304,Asia
Bahrain,0.775,0.199,41.5,1.378,0.5304,Asia
Bangladesh,0.53,0.1341,26.25,0.5196,0.4984,Asia
Bangladesh,0.53,0.1341,26.25,0.5196,0.4984,Asia
Bangladesh,0.53,0.1341,26.25,0.5196,0.4984,Asia
Bangladesh,0.53,0.1341,26.25,0.5196,0.4984,Asia
Belarus,0.8575,0.1608,40.0,1.0736,0.3042,Europe
Belarus,0.8575,0.1608,40.0,1.0736,0.3042,Europe
Belarus,0.8575,0.1608,40.0,1.0736,0.3042,Europe
Belarus,0.8575,0.1608,40.0,1.0736,0.3042,Europe
Belgium,0.9875,0.2317,76.0,1.3629,0.5451,Europe
Belgium,0.9875,0.2317,76.0,1.3629,0.5451,Europe
Belgium,0.9875,0.2317,76.0,1.3629,0.5451,Europe
Belgium,0.9875,0.2317,76.0,1.3629,0.5451,Europe
Benin,0.5225,0.0725,38.0,0.3722,0.4249,Africa
Benin,0.5225,0.0725,38.0,0.3722,0.4249,Africa
Benin,0.5225,0.0725,38.0,0.3722,0.4249,Africa
Benin,0.5225,0.0725,38.0,0.3722,0.4249,Africa
Bolivia,0.71,0.0666,32.25,0.7605,0.5625,South America
Bolivia,0.71,0.0666,32.25,0.7605,0.5625,South America
Bolivia,0.71,0.0666,32.25,0.7605,0.5625,South America
Bolivia,0.71,0.0666,32.25,0.7605,0.5625,South America
Bosnia and Herzegovina,0.7325,0.0021,38.25,0.9187,0.1972,Europe
Bosnia and Herzegovina,0.7325,0.0021,38.25,0.9187,0.1972,Europe
Bosnia and Herzegovina,0.7325,0.0021,38.25,0.9187,0.1972,Europe
Bosnia and Herzegovina,0.7325,0.0021,38.25,0.9187,0.1972,Europe
Botswana,0.68,0.1038,61.25,1.0434,0.503,Africa
Botswana,0.68,0.1038,61.25,1.0434,0.503,Africa
Botswana,0.68,0.1038,61.25,1.0434,0.503,Africa
Botswana,0.68,0.1038,61.25,1.0434,0.503,Africa
Brazil,0.7275,0.1151,37.5,1.0196,0.4527,South America
Brazil,0.7275,0.1151,37.5,1.0196,0.4527,South America
Brazil,0.7275,0.1151,37.5,1.0196,0.4527,South America
Brazil,0.7275,0.1151,37.5,1.0196,0.4527,South America
Bulgaria,0.8225,0.0082,41.75,1.0799,0.3163,Europe
Bulgaria,0.8225,0.0082,41.75,1.0799,0.3163,Europe
Bulgaria,0.8225,0.0082,41.75,1.0799,0.3163,Europe
Bulgaria,0.8225,0.0082,41.75,1.0799,0.3163,Europe
Burkina Faso,0.33,0.1224,40.75,0.3133,0.3216,Africa
Burkina Faso,0.33,0.1224,40.75,0.3133,0.3216,Africa
Burkina Faso,0.33,0.1224,40.75,0.3133,0.3216,Africa
Burkina Faso,0.33,0.1224,40.75,0.3133,0.3216,Africa
Burundi,0.4675,0.1102,20.0,0.061,0.1159,Africa
Burundi,0.4675,0.1102,20.0,0.061,0.1159,Africa
Burundi,0.4675,0.1102,20.0,0.061,0.1159,Africa
Burundi,0.4675,0.1102,20.0,0.061,0.1159,Africa
Cambodia,0.5175,0.0669,20.75,0.5463,0.6502,Asia
Cambodia,0.5175,0.0669,20.75,0.5463,0.6502,Asia
Cambodia,0.5175,0.0669,20.75,0.5463,0.6502,Asia
Cambodia,0.5175,0.0669,20.75,0.5463,0.6502,Asia
Cameroon,0.585,0.0473,25.75,0.5177,0.4396,Africa
Cameroon,0.585,0.0473,25.75,0.5177,0.4396,Africa
Cameroon,0.585,0.0473,25.75,0.5177,0.4396,Africa
Cameroon,0.585,0.0473,25.75,0.5177,0.4396,Africa
Canada,0.9125,0.304,82.0,1.3751,0.6203,North America
Canada,0.9125,0.304,82.0,1.3751,0.6203,North America
Canada,0.9125,0.304,82.0,1.3751,0.6203,North America
Canada,0.9125,0.304,82.0,1.3751,0.6203,North America
Chad,0.3275,0.0611,20.25,0.372,0.1901,Africa
Chad,0.3275,0.0611,20.25,0.372,0.1901,Africa
Chad,0.3275,0.0611,20.25,0.372,0.1901,Africa
Chad,0.3275,0.0611,20.25,0.372,0.1901,Africa
Chile,0.8325,0.082,67.5,1.1625,0.4016,South America
Chile,0.8325,0.082,67.5,1.1625,0.4016,South America
Chile,0.8325,0.082,67.5,1.1625,0.4016,South America
Chile,0.8325,0.082,67.5,1.1625,0.4016,South America
China,0.7025,0.0634,39.25,0.9973,0.5269,Asia
China,0.7025,0.0634,39.25,0.9973,0.5269,Asia
China,0.7025,0.0634,39.25,0.9973,0.5269,Asia
China,0.7025,0.0634,39.25,0.9973,0.5269,Asia
China,0.7025,0.0634,39.25,0.9973,0.5269,Asia
China,0.7025,0.0634,39.25,0.9973,0.5269,Asia
China,0.7025,0.0634,39.25,0.9973,0.5269,Asia
China,0.7025,0.0634,39.25,0.9973,0.5269,Asia
Colombia,0.7125,0.0427,36.75,0.9836,0.5033,South America
Colombia,0.7125,0.0427,36.75,0.9836,0.5033,South America
Colombia,0.7125,0.0427,36.75,0.9836,0.5033,South America
Colombia,0.7125,0.0427,36.75,0.9836,0.5033,South America
Costa Rica,0.7525,0.1,57.0,1.0274,0.601,South America
Costa Rica,0.7525,0.1,57.0,1.0274,0.601,South America
Costa Rica,0.7525,0.1,57.0,1.0274,0.601,South America
Costa Rica,0.7525,0.1,57.0,1.0274,0.601,South America
Croatia,0.8125,0.0321,49.25,1.1438,0.2977,Europe
Croatia,0.8125,0.0321,49.25,1.1438,0.2977,Europe
Croatia,0.8125,0.0321,49.25,1.1438,0.2977,Europe
Croatia,0.8125,0.0321,49.25,1.1438,0.2977,Europe
Cyprus,0.82,0.0447,58.0,1.264,0.3977,Asia
Cyprus,0.82,0.0447,58.0,1.264,0.3977,Asia
Cyprus,0.82,0.0447,58.0,1.264,0.3977,Asia
Cyprus,0.82,0.0447,58.0,1.264,0.3977,Asia
Denmark,0.99,0.4256,89.25,1.3855,0.6376,Europe
Denmark,0.99,0.4256,89.25,1.3855,0.6376,Europe
Denmark,0.99,0.4256,89.25,1.3855,0.6376,Europe
Denmark,0.99,0.4256,89.25,1.3855,0.6376,Europe
Dominican Republic,0.6775,0.1158,30.75,0.9929,0.5511,South America
Dominican Republic,0.6775,0.1158,30.75,0.9929,0.5511,South America
Dominican Republic,0.6775,0.1158,30.75,0.9929,0.5511,South America
Dominican Republic,0.6775,0.1158,30.75,0.9929,0.5511,South America
Ecuador,0.73,0.132,32.25,0.9165,0.4987,South America
Ecuador,0.73,0.132,32.25,0.9165,0.4987,South America
Ecuador,0.73,0.132,32.25,0.9165,0.4987,South America
Ecuador,0.73,0.132,32.25,0.9165,0.4987,South America
Egypt,0.6375,0.0879,34.25,0.9174,0.252,Africa
Egypt,0.6375,0.0879,34.25,0.9174,0.252,Africa
Egypt,0.6375,0.0879,34.25,0.9174,0.252,Africa
Egypt,0.6375,0.0879,34.25,0.9174,0.252,Africa
El Salvador,0.6025,0.0909,35.75,0.8186,0.4317,South America
El Salvador,0.6025,0.0909,35.75,0.8186,0.4317,South America
El Salvador,0.6025,0.0909,35.75,0.8186,0.4317,South America
El Salvador,0.6025,0.0909,35.75,0.8186,0.4317,South America
Estonia,0.8925,0.1675,71.0,1.2274,0.494,Europe
Estonia,0.8925,0.1675,71.0,1.2274,0.494,Europe
Estonia,0.8925,0.1675,71.0,1.2274,0.494,Europe
Estonia,0.8925,0.1675,71.0,1.2274,0.494,Europe
Ethiopia,0.3625,0.1405,34.0,0.2935,0.4098,Africa
Ethiopia,0.3625,0.1405,34.0,0.2935,0.4098,Africa
Ethiopia,0.3625,0.1405,34.0,0.2935,0.4098,Africa
Ethiopia,0.3625,0.1405,34.0,0.2935,0.4098,Africa
Finland,0.945,0.3956,87.25,1.3447,0.6342,Europe
Finland,0.945,0.3956,87.25,1.3447,0.6342,Europe
Finland,0.945,0.3956,87.25,1.3447,0.6342,Europe
Finland,0.945,0.3956,87.25,1.3447,0.6342,Europe
France,0.86,0.1845,70.25,1.3314,0.4941,Europe
France,0.86,0.1845,70.25,1.3314,0.4941,Europe
France,0.86,0.1845,70.25,1.3314,0.4941,Europe
France,0.86,0.1845,70.25,1.3314,0.4941,Europe
Gabon,0.6525,0.0735,33.0,1.0879,0.3206,Africa
Gabon,0.6525,0.0735,33.0,1.0879,0.3206,Africa
Gabon,0.6525,0.0735,33.0,1.0879,0.3206,Africa
Gabon,0.6525,0.0735,33.0,1.0879,0.3206,Africa
Georgia,0.8575,0.2535,55.75,0.8579,0.359,Asia
Georgia,0.8575,0.2535,55.75,0.8579,0.359,Asia
Georgia,0.8575,0.2535,55.75,0.8579,0.359,Asia
Georgia,0.8575,0.2535,55.75,0.8579,0.359,Asia
Germany,0.96,0.26,80.75,1.3822,0.5646,Europe
Germany,0.96,0.26,80.75,1.3822,0.5646,Europe
Germany,0.96,0.26,80.75,1.3822,0.5646,Europe
Germany,0.96,0.26,80.75,1.3822,0.5646,Europe
Ghana,0.58,0.0345,42.75,0.604,0.4316,Africa
Ghana,0.58,0.0345,42.75,0.604,0.4316,Africa
Ghana,0.58,0.0345,42.75,0.604,0.4316,Africa
Ghana,0.58,0.0345,42.75,0.604,0.4316,Africa
Greece,0.875,0.0338,45.75,1.1946,0.0927,Europe
Greece,0.875,0.0338,45.75,1.1946,0.0927,Europe
Greece,0.875,0.0338,45.75,1.1946,0.0927,Europe
Greece,0.875,0.0338,45.75,1.1946,0.0927,Europe
Guatemala,0.5375,0.0802,27.75,0.7996,0.5619,South America
Guatemala,0.5375,0.0802,27.75,0.7996,0.5619,South America
Guatemala,0.5375,0.0802,27.75,0.7996,0.5619,South America
Guatemala,0.5375,0.0802,27.75,0.7996,0.5619,South America
Guinea,0.38,0.1031,26.75,0.2857,0.363,South America
Guinea,0.38,0.1031,26.75,0.2857,0.363,South America
Guinea,0.38,0.1031,26.75,0.2857,0.363,South America
Guinea,0.38,0.1031,26.75,0.2857,0.363,South America
Haiti,0.4575,0.1214,19.75,0.3183,0.0814,South America
Haiti,0.4575,0.1214,19.75,0.3183,0.0814,South America
Haiti,0.4575,0.1214,19.75,0.3183,0.0814,South America
Haiti,0.4575,0.1214,19.75,0.3183,0.0814,South America
Honduras,0.52,0.0734,29.75,0.647,0.4289,South America
Honduras,0.52,0.0734,29.75,0.647,0.4289,South America
Honduras,0.52,0.0734,29.75,0.647,0.4289,South America
Honduras,0.52,0.0734,29.75,0.647,0.4289,South America
Hungary,0.83,0.0266,47.5,1.1947,0.2387,Europe
Hungary,0.83,0.0266,47.5,1.1947,0.2387,Europe
Hungary,0.83,0.0266,47.5,1.1947,0.2387,Europe
Hungary,0.83,0.0266,47.5,1.1947,0.2387,Europe
Iceland,0.9875,0.1377,77.5,1.3765,0.631,Europe
Iceland,0.9875,0.1377,77.5,1.3765,0.631,Europe
Iceland,0.9875,0.1377,77.5,1.3765,0.631,Europe
Iceland,0.9875,0.1377,77.5,1.3765,0.631,Europe
India,0.5875,0.0888,39.75,0.7283,0.4762,Asia
India,0.5875,0.0888,39.75,0.7283,0.4762,Asia
India,0.5875,0.0888,39.75,0.7283,0.4762,Asia
India,0.5875,0.0888,39.75,0.7283,0.4762,Asia
Indonesia,0.6475,0.0153,37.0,0.9135,0.4846,Asia
Indonesia,0.6475,0.0153,37.0,0.9135,0.4846,Asia
Indonesia,0.6475,0.0153,37.0,0.9135,0.4846,Asia
Indonesia,0.6475,0.0153,37.0,0.9135,0.4846,Asia
Iran,0.77,0.0903,28.5,1.0812,0.3284,Asia
Iran,0.77,0.0903,28.5,1.0812,0.3284,Asia
Iran,0.77,0.0903,28.5,1.0812,0.3284,Asia
Iran,0.77,0.0903,28.5,1.0812,0.3284,Asia
Iraq,0.5425,0.1073,17.25,1.0353,0.2084,Asia
Iraq,0.5425,0.1073,17.25,1.0353,0.2084,Asia
Iraq,0.5425,0.1073,17.25,1.0353,0.2084,Asia
Iraq,0.5425,0.1073,17.25,1.0353,0.2084,Asia
Ireland,0.9925,0.3004,73.75,1.4547,0.5802,Europe
Ireland,0.9925,0.3004,73.75,1.4547,0.5802,Europe
Ireland,0.9925,0.3004,73.75,1.4547,0.5802,Europe
Ireland,0.9925,0.3004,73.75,1.4547,0.5802,Europe
Israel,0.89,0.1293,62.0,1.2952,0.4308,Asia
Israel,0.89,0.1293,62.0,1.2952,0.4308,Asia
Israel,0.89,0.1293,62.0,1.2952,0.4308,Asia
Israel,0.89,0.1293,62.0,1.2952,0.4308,Asia
Italy,0.83,0.0288,48.25,1.3011,0.2577,Europe
Italy,0.83,0.0288,48.25,1.3011,0.2577,Europe
Italy,0.83,0.0288,48.25,1.3011,0.2577,Europe
Italy,0.83,0.0288,48.25,1.3011,0.2577,Europe
Jamaica,0.7075,0.0343,42.0,0.8465,0.5109,South America
Jamaica,0.7075,0.0343,42.0,0.8465,0.5109,South America
Jamaica,0.7075,0.0343,42.0,0.8465,0.5109,South America
Jamaica,0.7075,0.0343,42.0,0.8465,0.5109,South America
Japan,0.8575,0.1586,73.25,1.3272,0.4999,Asia
Japan,0.8575,0.1586,73.25,1.3272,0.4999,Asia
Japan,0.8575,0.1586,73.25,1.3272,0.4999,Asia
Japan,0.8575,0.1586,73.25,1.3272,0.4999,Asia
Jordan,0.7175,0.1317,49.5,0.888,0.419,Asia
Jordan,0.7175,0.1317,49.5,0.888,0.419,Asia
Jordan,0.7175,0.1317,49.5,0.888,0.419,Asia
Jordan,0.7175,0.1317,49.5,0.888,0.419,Asia
Kazakhstan,0.8325,0.1052,29.75,1.1808,0.4545,Asia
Kazakhstan,0.8325,0.1052,29.75,1.1808,0.4545,Asia
Kazakhstan,0.8325,0.1052,29.75,1.1808,0.4545,Asia
Kazakhstan,0.8325,0.1052,29.75,1.1808,0.4545,Asia
Kenya,0.5675,0.0578,26.5,0.4825,0.4525,Africa
Kenya,0.5675,0.0578,26.5,0.4825,0.4525,Africa
Kenya,0.5675,0.0578,26.5,0.4825,0.4525,Africa
Kenya,0.5675,0.0578,26.5,0.4825,0.4525,Africa
Kuwait,0.655,0.1686,42.5,1.5403,0.5246,Asia
Kuwait,0.655,0.1686,42.5,1.5403,0.5246,Asia
Kuwait,0.655,0.1686,42.5,1.5403,0.5246,Asia
Kuwait,0.655,0.1686,42.5,1.5403,0.5246,Asia
Kyrgyzstan,0.7475,0.0349,28.5,0.5379,0.4844,Asia
Kyrgyzstan,0.7475,0.0349,28.5,0.5379,0.4844,Asia
Kyrgyzstan,0.7475,0.0349,28.5,0.5379,0.4844,Asia
Kyrgyzstan,0.7475,0.0349,28.5,0.5379,0.4844,Asia
Latvia,0.8825,0.0668,57.25,1.1772,0.3124,Europe
Latvia,0.8825,0.0668,57.25,1.1772,0.3124,Europe
Latvia,0.8825,0.0668,57.25,1.1772,0.3124,Europe
Latvia,0.8825,0.0668,57.25,1.1772,0.3124,Europe
Lebanon,0.6475,0.0616,28.0,1.0132,0.3367,Asia
Lebanon,0.6475,0.0616,28.0,1.0132,0.3367,Asia
Lebanon,0.6475,0.0616,28.0,1.0132,0.3367,Asia
Lebanon,0.6475,0.0616,28.0,1.0132,0.3367,Asia
Liberia,0.4575,0.0411,34.25,0.0848,0.3518,Africa
Liberia,0.4575,0.0411,34.25,0.0848,0.3518,Africa
Liberia,0.4575,0.0411,34.25,0.0848,0.3518,Africa
Liberia,0.4575,0.0411,34.25,0.0848,0.3518,Africa
Libya,0.6475,0.1257,16.0,1.0656,0.4486,Africa
Libya,0.6475,0.1257,16.0,1.0656,0.4486,Africa
Libya,0.6475,0.1257,16.0,1.0656,0.4486,Africa
Libya,0.6475,0.1257,16.0,1.0656,0.4486,Africa
Lithuania,0.9025,0.0175,59.0,1.2242,0.2722,Europe
Lithuania,0.9025,0.0175,59.0,1.2242,0.2722,Europe
Lithuania,0.9025,0.0175,59.0,1.2242,0.2722,Europe
Lithuania,0.9025,0.0175,59.0,1.2242,0.2722,Europe
Luxembourg,0.8025,0.3335,82.25,1.6227,0.5926,Europe
Luxembourg,0.8025,0.3335,82.25,1.6227,0.5926,Europe
Luxembourg,0.8025,0.3335,82.25,1.6227,0.5926,Europe
Luxembourg,0.8025,0.3335,82.25,1.6227,0.5926,Europe
Madagascar,0.52,0.0596,25.75,0.2625,0.1875,Africa
Madagascar,0.52,0.0596,25.75,0.2625,0.1875,Africa
Madagascar,0.52,0.0596,25.75,0.2625,0.1875,Africa
Madagascar,0.52,0.0596,25.75,0.2625,0.1875,Africa
Malawi,0.4875,0.0779,31.25,0.1566,0.4679,Africa
Malawi,0.4875,0.0779,31.25,0.1566,0.4679,Africa
Malawi,0.4875,0.0779,31.25,0.1566,0.4679,Africa
Malawi,0.4875,0.0779,31.25,0.1566,0.4679,Africa
Malaysia,0.735,0.0634,48.25,1.1995,0.4491,Asia
Malaysia,0.735,0.0634,48.25,1.1995,0.4491,Asia
Malaysia,0.735,0.0634,48.25,1.1995,0.4491,Asia
Malaysia,0.735,0.0634,48.25,1.1995,0.4491,Asia
Mali,0.315,0.0841,32.5,0.373,0.3473,Africa
Mali,0.315,0.0841,32.5,0.373,0.3473,Africa
Mali,0.315,0.0841,32.5,0.373,0.3473,Africa
Mali,0.315,0.0841,32.5,0.373,0.3473,Africa
Malta,0.8375,0.1455,56.25,1.2802,0.6004,Europe
Malta,0.8375,0.1455,56.25,1.2802,0.6004,Europe
Malta,0.8375,0.1455,56.25,1.2802,0.6004,Europe
Malta,0.8375,0.1455,56.25,1.2802,0.6004,Europe
Mauritania,0.41,0.1231,28.25,0.5574,0.1334,Africa
Mauritania,0.41,0.1231,28.25,0.5574,0.1334,Africa
Mauritania,0.41,0.1231,28.25,0.5574,0.1334,Africa
Mauritania,0.41,0.1231,28.25,0.5574,0.1334,Africa
Mauritius,0.76,0.0568,52.0,1.1018,0.5335,Africa
Mauritius,0.76,0.0568,52.0,1.1018,0.5335,Africa
Mauritius,0.76,0.0568,52.0,1.1018,0.5335,Africa
Mauritius,0.76,0.0568,52.0,1.1018,0.5335,Africa
Mexico,0.71,0.1285,29.5,1.0704,0.4516,North America
Mexico,0.71,0.1285,29.5,1.0704,0.4516,North America
Mexico,0.71,0.1285,29.5,1.0704,0.4516,North America
Mexico,0.71,0.1285,29.5,1.0704,0.4516,North America
Moldova,0.71,0.0066,31.75,0.6663,0.2615,Europe
Moldova,0.71,0.0066,31.75,0.6663,0.2615,Europe
Moldova,0.71,0.0066,31.75,0.6663,0.2615,Europe
Moldova,0.71,0.0066,31.75,0.6663,0.2615,Europe
Mongolia,0.785,0.0324,37.5,0.9294,0.3856,Asia
Mongolia,0.785,0.0324,37.5,0.9294,0.3856,Asia
Mongolia,0.785,0.0324,37.5,0.9294,0.3856,Asia
Mongolia,0.785,0.0324,37.5,0.9294,0.3856,Asia
Montenegro,0.8125,0.098,45.0,1.0409,0.2084,Europe
Montenegro,0.8125,0.098,45.0,1.0409,0.2084,Europe
Montenegro,0.8125,0.098,45.0,1.0409,0.2084,Europe
Montenegro,0.8125,0.098,45.0,1.0409,0.2084,Europe
Morocco,0.5675,0.0808,39.0,0.7982,0.4258,Africa
Morocco,0.5675,0.0808,39.0,0.7982,0.4258,Africa
Morocco,0.5675,0.0808,39.0,0.7982,0.4258,Africa
Morocco,0.5675,0.0808,39.0,0.7982,0.4258,Africa
Myanmar,0.4725,0.1823,27.25,0.5075,0.5149,Asia
Myanmar,0.4725,0.1823,27.25,0.5075,0.5149,Asia
Myanmar,0.4725,0.1823,27.25,0.5075,0.5149,Asia
Myanmar,0.4725,0.1823,27.25,0.5075,0.5149,Asia
Nepal,0.54,0.0748,29.5,0.4277,0.447,Asia
Nepal,0.54,0.0748,29.5,0.4277,0.447,Asia
Nepal,0.54,0.0748,29.5,0.4277,0.447,Asia
Nepal,0.54,0.0748,29.5,0.4277,0.447,Asia
Netherlands,0.94,0.2985,82.75,1.3976,0.599,Europe
Netherlands,0.94,0.2985,82.75,1.3976,0.599,Europe
Netherlands,0.94,0.2985,82.75,1.3976,0.599,Europe
Netherlands,0.94,0.2985,82.75,1.3976,0.599,Europe
New Zealand,0.9775,0.3953,89.25,1.3067,0.6269,Australia
New Zealand,0.9775,0.3953,89.25,1.3067,0.6269,Australia
New Zealand,0.9775,0.3953,89.25,1.3067,0.6269,Australia
New Zealand,0.9775,0.3953,89.25,1.3067,0.6269,Australia
Nicaragua,0.59,0.1447,26.0,0.6731,0.4911,South America
Nicaragua,0.59,0.1447,26.0,0.6731,0.4911,South America
Nicaragua,0.59,0.1447,26.0,0.6731,0.4911,South America
Nicaragua,0.59,0.1447,26.0,0.6731,0.4911,South America
Niger,0.2425,0.124,34.0,0.1251,0.3871,Africa
Niger,0.2425,0.124,34.0,0.1251,0.3871,Africa
Niger,0.2425,0.124,34.0,0.1251,0.3871,Africa
Niger,0.2425,0.124,34.0,0.1251,0.3871,Africa
Nigeria,0.505,0.0349,27.0,0.7058,0.4066,Africa
Nigeria,0.505,0.0349,27.0,0.7058,0.4066,Africa
Nigeria,0.505,0.0349,27.0,0.7058,0.4066,Africa
Nigeria,0.505,0.0349,27.0,0.7058,0.4066,Africa
Norway,0.9475,0.3405,85.5,1.5049,0.6485,Europe
Norway,0.9475,0.3405,85.5,1.5049,0.6485,Europe
Norway,0.9475,0.3405,85.5,1.5049,0.6485,Europe
Norway,0.9475,0.3405,85.5,1.5049,0.6485,Europe
Pakistan,0.4275,0.11,31.75,0.6628,0.2508,Asia
Pakistan,0.4275,0.11,31.75,0.6628,0.2508,Asia
Pakistan,0.4275,0.11,31.75,0.6628,0.2508,Asia
Pakistan,0.4275,0.11,31.75,0.6628,0.2508,Asia
Panama,0.705,0.0702,37.75,1.1396,0.5513,South America
Panama,0.705,0.0702,37.75,1.1396,0.5513,South America
Panama,0.705,0.0702,37.75,1.1396,0.5513,South America
Panama,0.705,0.0702,37.75,1.1396,0.5513,South America
Paraguay,0.66,0.0819,28.75,0.8456,0.5169,South America
Paraguay,0.66,0.0819,28.75,0.8456,0.5169,South America
Paraguay,0.66,0.0819,28.75,0.8456,0.5169,South America
Paraguay,0.66,0.0819,28.75,0.8456,0.5169,South America
Peru,0.7175,0.042,35.75,0.9574,0.4625,South America
Peru,0.7175,0.042,35.75,0.9574,0.4625,South America
Peru,0.7175,0.042,35.75,0.9574,0.4625,South America
Peru,0.7175,0.042,35.75,0.9574,0.4625,South America
Philippines,0.6825,0.1085,35.0,0.7863,0.6029,Asia
Philippines,0.6825,0.1085,35.0,0.7863,0.6029,Asia
Philippines,0.6825,0.1085,35.0,0.7863,0.6029,Asia
Philippines,0.6825,0.1085,35.0,0.7863,0.6029,Asia
Poland,0.885,0.0539,61.25,1.1998,0.5201,Europe
Poland,0.885,0.0539,61.25,1.1998,0.5201,Europe
Poland,0.885,0.0539,61.25,1.1998,0.5201,Europe
Poland,0.885,0.0539,61.25,1.1998,0.5201,Europe
Portugal,0.8,0.0172,63.25,1.221,0.5208,Europe
Portugal,0.8,0.0172,63.25,1.221,0.5208,Europe
Portugal,0.8,0.0172,63.25,1.221,0.5208,Europe
Portugal,0.8,0.0172,63.25,1.221,0.5208,Europe
Romania,0.7825,0.0042,47.25,1.1348,0.4494,Europe
Romania,0.7825,0.0042,47.25,1.1348,0.4494,Europe
Romania,0.7825,0.0042,47.25,1.1348,0.4494,Europe
Romania,0.7825,0.0042,47.25,1.1348,0.4494,Europe
Russia,0.85,0.0298,28.75,1.1884,0.3684,Europe
Russia,0.85,0.0298,28.75,1.1884,0.3684,Europe
Russia,0.85,0.0298,28.75,1.1884,0.3684,Europe
Russia,0.85,0.0298,28.75,1.1884,0.3684,Europe
Rwanda,0.485,0.4655,54.75,0.3205,0.5912,Africa
Rwanda,0.485,0.4655,54.75,0.3205,0.5912,Africa
Rwanda,0.485,0.4655,54.75,0.3205,0.5912,Africa
Rwanda,0.485,0.4655,54.75,0.3205,0.5912,Africa
Saudi Arabia,0.83,0.2144,49.0,1.427,0.4271,Asia
Saudi Arabia,0.83,0.2144,49.0,1.427,0.4271,Asia
Saudi Arabia,0.83,0.2144,49.0,1.427,0.4271,Asia
Saudi Arabia,0.83,0.2144,49.0,1.427,0.4271,Asia
Senegal,0.395,0.0941,44.75,0.4308,0.3609,Africa
Senegal,0.395,0.0941,44.75,0.4308,0.3609,Africa
Senegal,0.395,0.0941,44.75,0.4308,0.3609,Africa
Senegal,0.395,0.0941,44.75,0.4308,0.3609,Africa
Serbia,0.7975,0.0373,40.5,0.9922,0.2449,Europe
Serbia,0.7975,0.0373,40.5,0.9922,0.2449,Europe
Serbia,0.7975,0.0373,40.5,0.9922,0.2449,Europe
Serbia,0.7975,0.0373,40.5,0.9922,0.2449,Europe
Sierra Leone,0.4225,0.0642,29.75,0.3057,0.3478,Africa
Sierra Leone,0.4225,0.0642,29.75,0.3057,0.3478,Africa
Sierra Leone,0.4225,0.0642,29.75,0.3057,0.3478,Africa
Sierra Leone,0.4225,0.0642,29.75,0.3057,0.3478,Africa
Singapore,0.86,0.4666,84.5,1.5788,0.5698,Asia
Singapore,0.86,0.4666,84.5,1.5788,0.5698,Asia
Singapore,0.86,0.4666,84.5,1.5788,0.5698,Asia
Singapore,0.86,0.4666,84.5,1.5788,0.5698,Asia
Slovakia,0.845,0.0216,50.5,1.2376,0.3253,Europe
Slovakia,0.845,0.0216,50.5,1.2376,0.3253,Europe
Slovakia,0.845,0.0216,50.5,1.2376,0.3253,Europe
Slovakia,0.845,0.0216,50.5,1.2376,0.3253,Europe
Slovenia,0.915,0.0477,60.5,1.2508,0.5945,Europe
Slovenia,0.915,0.0477,60.5,1.2508,0.5945,Europe
Slovenia,0.915,0.0477,60.5,1.2508,0.5945,Europe
Slovenia,0.915,0.0477,60.5,1.2508,0.5945,Europe
South Africa,0.725,0.0681,43.75,0.9688,0.4291,Africa
South Africa,0.725,0.0681,43.75,0.9688,0.4291,Africa
South Africa,0.725,0.0681,43.75,0.9688,0.4291,Africa
South Africa,0.725,0.0681,43.75,0.9688,0.4291,Africa
Spain,0.8675,0.072,57.75,1.2879,0.4198,Europe
Spain,0.8675,0.072,57.75,1.2879,0.4198,Europe
Spain,0.8675,0.072,57.75,1.2879,0.4198,Europe
Spain,0.8675,0.072,57.75,1.2879,0.4198,Europe
Sri Lanka,0.77,0.0656,37.25,0.928,0.5384,Asia
Sri Lanka,0.77,0.0656,37.25,0.928,0.5384,Asia
Sri Lanka,0.77,0.0656,37.25,0.928,0.5384,Asia
Sri Lanka,0.77,0.0656,37.25,0.928,0.5384,Asia
Sweden,0.94,0.3947,86.5,1.392,0.6264,Europe
Sweden,0.94,0.3947,86.5,1.392,0.6264,Europe
Sweden,0.94,0.3947,86.5,1.392,0.6264,Europe
Sweden,0.94,0.3947,86.5,1.392,0.6264,Europe
Switzerland,0.91,0.3717,85.5,1.4584,0.6294,Europe
Switzerland,0.91,0.3717,85.5,1.4584,0.6294,Europe
Switzerland,0.91,0.3717,85.5,1.4584,0.6294,Europe
Switzerland,0.91,0.3717,85.5,1.4584,0.6294,Europe
Tajikistan,0.67,0.1188,24.25,0.4705,0.4062,Asia
Tajikistan,0.67,0.1188,24.25,0.4705,0.4062,Asia
Tajikistan,0.67,0.1188,24.25,0.4705,0.4062,Asia
Tajikistan,0.67,0.1188,24.25,0.4705,0.4062,Asia
Tanzania,0.4525,0.0919,33.5,0.4318,0.4042,Africa
Tanzania,0.4525,0.0919,33.5,0.4318,0.4042,Africa
Tanzania,0.4525,0.0919,33.5,0.4318,0.4042,Africa
Tanzania,0.4525,0.0919,33.5,0.4318,0.4042,Africa
Thailand,0.69,0.0301,36.5,1.0402,0.5827,Asia
Thailand,0.69,0.0301,36.5,1.0402,0.5827,Asia
Thailand,0.69,0.0301,36.5,1.0402,0.5827,Asia
Thailand,0.69,0.0301,36.5,1.0402,0.5827,Asia
Togo,0.55,0.0972,31.5,0.262,0.368,Africa
Togo,0.55,0.0972,31.5,0.262,0.368,Africa
Togo,0.55,0.0972,31.5,0.262,0.368,Africa
Togo,0.55,0.0972,31.5,0.262,0.368,Africa
Tunisia,0.6975,0.0671,41.0,0.9273,0.2476,Africa
Tunisia,0.6975,0.0671,41.0,0.9273,0.2476,Africa
Tunisia,0.6975,0.0671,41.0,0.9273,0.2476,Africa
Tunisia,0.6975,0.0671,41.0,0.9273,0.2476,Africa
Turkey,0.735,0.118,41.0,1.1476,0.262,Asia
Turkey,0.735,0.118,41.0,1.1476,0.262,Asia
Turkey,0.735,0.118,41.0,1.1476,0.262,Asia
Turkey,0.735,0.118,41.0,1.1476,0.262,Asia
Turkmenistan,0.6325,0.1582,19.75,1.0393,0.4263,Asia
Turkmenistan,0.6325,0.1582,19.75,1.0393,0.4263,Asia
Turkmenistan,0.6325,0.1582,19.75,1.0393,0.4263,Asia
Turkmenistan,0.6325,0.1582,19.75,1.0393,0.4263,Asia
Uganda,0.5425,0.0627,25.5,0.3116,0.4266,Africa
Uganda,0.5425,0.0627,25.5,0.3116,0.4266,Africa
Uganda,0.5425,0.0627,25.5,0.3116,0.4266,Africa
Uganda,0.5425,0.0627,25.5,0.3116,0.4266,Africa
Ukraine,0.8125,0.0184,29.5,0.8267,0.1788,Europe
Ukraine,0.8125,0.0184,29.5,0.8267,0.1788,Europe
Ukraine,0.8125,0.0184,29.5,0.8267,0.1788,Europe
Ukraine,0.8125,0.0184,29.5,0.8267,0.1788,Europe
United Arab Emirates,0.7525,0.3011,69.25,1.6632,0.533,Asia
United Arab Emirates,0.7525,0.3011,69.25,1.6632,0.533,Asia
United Arab Emirates,0.7525,0.3011,69.25,1.6632,0.533,Asia
United Arab Emirates,0.7525,0.3011,69.25,1.6632,0.533,Asia
United Kingdom,0.94,0.2365,81.0,1.3213,0.5046,Europe
United Kingdom,0.94,0.2365,81.0,1.3213,0.5046,Europe
United Kingdom,0.94,0.2365,81.0,1.3213,0.5046,Europe
United Kingdom,0.94,0.2365,81.0,1.3213,0.5046,Europe
United States,0.92,0.1389,74.0,1.4429,0.5132,North America
United States,0.92,0.1389,74.0,1.4429,0.5132,North America
United States,0.92,0.1389,74.0,1.4429,0.5132,North America
United States,0.92,0.1389,74.0,1.4429,0.5132,North America
Uruguay,0.775,0.1822,71.25,1.1241,0.5828,South America
Uruguay,0.775,0.1822,71.25,1.1241,0.5828,South America
Uruguay,0.775,0.1822,71.25,1.1241,0.5828,South America
Uruguay,0.775,0.1822,71.25,1.1241,0.5828,South America
Uzbekistan,0.715,0.2634,21.25,0.7207,0.6679,Asia
Uzbekistan,0.715,0.2634,21.25,0.7207,0.6679,Asia
Uzbekistan,0.715,0.2634,21.25,0.7207,0.6679,Asia
Uzbekistan,0.715,0.2634,21.25,0.7207,0.6679,Asia
Venezuela,0.7475,0.0685,17.5,1.0322,0.2175,South America
Venezuela,0.7475,0.0685,17.5,1.0322,0.2175,South America
Venezuela,0.7475,0.0685,17.5,1.0322,0.2175,South America
Venezuela,0.7475,0.0685,17.5,1.0322,0.2175,South America
Vietnam,0.65,0.086,33.0,0.7192,0.5816,Asia
Vietnam,0.65,0.086,33.0,0.7192,0.5816,Asia
Vietnam,0.65,0.086,33.0,0.7192,0.5816,Asia
Vietnam,0.65,0.086,33.0,0.7192,0.5816,Asia
Yemen,0.38,0.0691,15.5,0.4668,0.248,Asia
Yemen,0.38,0.0691,15.5,0.4668,0.248,Asia
Yemen,0.38,0.0691,15.5,0.4668,0.248,Asia
Yemen,0.38,0.0691,15.5,0.4668,0.248,Asia
Zambia,0.6075,0.093,37.0,0.5617,0.471,Africa
Zambia,0.6075,0.093,37.0,0.5617,0.471,Africa
Zambia,0.6075,0.093,37.0,0.5617,0.471,Africa
Zambia,0.6075,0.093,37.0,0.5617,0.471,Africa
Zimbabwe,0.5725,0.091,21.75,0.3425,0.3405,Africa
Zimbabwe,0.5725,0.091,21.75,0.3425,0.3405,Africa
Zimbabwe,0.5725,0.091,21.75,0.3425,0.3405,Africa
Zimbabwe,0.5725,0.091,21.75,0.3425,0.3405,Africa
